{
  "project_info": {
    "project_number": "161580963345",
    "project_id": "chat-app-8a34b",
    "storage_bucket": "chat-app-8a34b.appspot.com"
  },
  "client": [
    {
      "client_info": {
        "mobilesdk_app_id": "1:161580963345:android:e6f1eb6449143e883e03b0",
        "android_client_info": {
          "package_name": "com.company.tp_game"
        }
      },
      "oauth_client": [
        {
          "client_id": "161580963345-ef4nreskr7289im5l3t67gbsa8ndt67j.apps.googleusercontent.com",
          "client_type": 3
        }
      ],
      "api_key": [
        {
          "current_key": "AIzaSyB2ROWC6i3mzERhpKsvJSki5-q1etIo4U0"
        }
      ],
      "services": {
        "appinvite_service": {
          "other_platform_oauth_client": [
            {
              "client_id": "161580963345-ef4nreskr7289im5l3t67gbsa8ndt67j.apps.googleusercontent.com",
              "client_type": 3
            }
          ]
        }
      }
    },
    {
      "client_info": {
        "mobilesdk_app_id": "1:161580963345:android:cded5bd89687c61e3e03b0",
        "android_client_info": {
          "package_name": "com.example.chatting_app"
        }
      },
      "oauth_client": [
        {
          "client_id": "161580963345-ef4nreskr7289im5l3t67gbsa8ndt67j.apps.googleusercontent.com",
          "client_type": 3
        }
      ],
      "api_key": [
        {
          "current_key": "AIzaSyB2ROWC6i3mzERhpKsvJSki5-q1etIo4U0"
        }
      ],
      "services": {
        "appinvite_service": {
          "other_platform_oauth_client": [
            {
              "client_id": "161580963345-ef4nreskr7289im5l3t67gbsa8ndt67j.apps.googleusercontent.com",
              "client_type": 3
            }
          ]
        }
      }
    }
  ],
  "configuration_version": "1"
}