{
  "project_info": {
    "project_number": "233179478508",
    "project_id": "tp-game-f679f",
    "storage_bucket": "tp-game-f679f.appspot.com"
  },
  "client": [
    {
      "client_info": {
        "mobilesdk_app_id": "1:233179478508:android:9c9c7d63bb9a9fd32528c9",
        "android_client_info": {
          "package_name": "com.example.tp_game"
        }
      },
      "oauth_client": [],
      "api_key": [
        {
          "current_key": "AIzaSyDTxESu8EC5YE9KfWsuD4sVO68abujCY4M"
        }
      ],
      "services": {
        "appinvite_service": {
          "other_platform_oauth_client": []
        }
      }
    }
  ],
  "configuration_version": "1"
}